svm_linear,0.59,0.59
svm_polynomial,0.716666666667,0.695
svm_rbf,0.95,0.955
logistic,0.563333333333,0.585
knn,0.913333333333,0.945
decision_tree,0.976666666667,1.0
random_forest,0.96,0.98
